{
  "project_info": {
    "project_number": "368999291261",
    "project_id": "trackingapp-f1f39",
    "storage_bucket": "trackingapp-f1f39.appspot.com"
  },
  "client": [
    {
      "client_info": {
        "mobilesdk_app_id": "1:368999291261:android:280ffdc31b7752dcdf5414",
        "android_client_info": {
          "package_name": "com.example.trackingapp"
        }
      },
      "oauth_client": [
        {
          "client_id": "368999291261-2106qa24j8prk2f4r5o3en257sc6fmst.apps.googleusercontent.com",
          "client_type": 3
        }
      ],
      "api_key": [
        {
          "current_key": "AIzaSyBlsHAf7dF5EhBlRmOFihVPsWBDFPhivLM"
        }
      ],
      "services": {
        "appinvite_service": {
          "other_platform_oauth_client": [
            {
              "client_id": "368999291261-2106qa24j8prk2f4r5o3en257sc6fmst.apps.googleusercontent.com",
              "client_type": 3
            }
          ]
        }
      }
    }
  ],
  "configuration_version": "1"
}